Front	Back	Tags
यूरोप तथ्य प्रश्न 1 का उत्तर क्या है?	उत्तर विवरण 1	Map::Europe
यूरोप तथ्य प्रश्न 2 का उत्तर क्या है?	उत्तर विवरण 2	Map::Europe
यूरोप तथ्य प्रश्न 3 का उत्तर क्या है?	उत्तर विवरण 3	Map::Europe
यूरोप तथ्य प्रश्न 4 का उत्तर क्या है?	उत्तर विवरण 4	Map::Europe
यूरोप तथ्य प्रश्न 5 का उत्तर क्या है?	उत्तर विवरण 5	Map::Europe
यूरोप तथ्य प्रश्न 6 का उत्तर क्या है?	उत्तर विवरण 6	Map::Europe
यूरोप तथ्य प्रश्न 7 का उत्तर क्या है?	उत्तर विवरण 7	Map::Europe
यूरोप तथ्य प्रश्न 8 का उत्तर क्या है?	उत्तर विवरण 8	Map::Europe
यूरोप तथ्य प्रश्न 9 का उत्तर क्या है?	उत्तर विवरण 9	Map::Europe
यूरोप तथ्य प्रश्न 10 का उत्तर क्या है?	उत्तर विवरण 10	Map::Europe
यूरोप तथ्य प्रश्न 11 का उत्तर क्या है?	उत्तर विवरण 11	Map::Europe
यूरोप तथ्य प्रश्न 12 का उत्तर क्या है?	उत्तर विवरण 12	Map::Europe
यूरोप तथ्य प्रश्न 13 का उत्तर क्या है?	उत्तर विवरण 13	Map::Europe
यूरोप तथ्य प्रश्न 14 का उत्तर क्या है?	उत्तर विवरण 14	Map::Europe
यूरोप तथ्य प्रश्न 15 का उत्तर क्या है?	उत्तर विवरण 15	Map::Europe
यूरोप तथ्य प्रश्न 16 का उत्तर क्या है?	उत्तर विवरण 16	Map::Europe
यूरोप तथ्य प्रश्न 17 का उत्तर क्या है?	उत्तर विवरण 17	Map::Europe
यूरोप तथ्य प्रश्न 18 का उत्तर क्या है?	उत्तर विवरण 18	Map::Europe
यूरोप तथ्य प्रश्न 19 का उत्तर क्या है?	उत्तर विवरण 19	Map::Europe
यूरोप तथ्य प्रश्न 20 का उत्तर क्या है?	उत्तर विवरण 20	Map::Europe
यूरोप तथ्य प्रश्न 21 का उत्तर क्या है?	उत्तर विवरण 21	Map::Europe
यूरोप तथ्य प्रश्न 22 का उत्तर क्या है?	उत्तर विवरण 22	Map::Europe
यूरोप तथ्य प्रश्न 23 का उत्तर क्या है?	उत्तर विवरण 23	Map::Europe
यूरोप तथ्य प्रश्न 24 का उत्तर क्या है?	उत्तर विवरण 24	Map::Europe
यूरोप तथ्य प्रश्न 25 का उत्तर क्या है?	उत्तर विवरण 25	Map::Europe
यूरोप तथ्य प्रश्न 26 का उत्तर क्या है?	उत्तर विवरण 26	Map::Europe
यूरोप तथ्य प्रश्न 27 का उत्तर क्या है?	उत्तर विवरण 27	Map::Europe
यूरोप तथ्य प्रश्न 28 का उत्तर क्या है?	उत्तर विवरण 28	Map::Europe
यूरोप तथ्य प्रश्न 29 का उत्तर क्या है?	उत्तर विवरण 29	Map::Europe
यूरोप तथ्य प्रश्न 30 का उत्तर क्या है?	उत्तर विवरण 30	Map::Europe
यूरोप तथ्य प्रश्न 31 का उत्तर क्या है?	उत्तर विवरण 31	Map::Europe
यूरोप तथ्य प्रश्न 32 का उत्तर क्या है?	उत्तर विवरण 32	Map::Europe
यूरोप तथ्य प्रश्न 33 का उत्तर क्या है?	उत्तर विवरण 33	Map::Europe
यूरोप तथ्य प्रश्न 34 का उत्तर क्या है?	उत्तर विवरण 34	Map::Europe
यूरोप तथ्य प्रश्न 35 का उत्तर क्या है?	उत्तर विवरण 35	Map::Europe
यूरोप तथ्य प्रश्न 36 का उत्तर क्या है?	उत्तर विवरण 36	Map::Europe
यूरोप तथ्य प्रश्न 37 का उत्तर क्या है?	उत्तर विवरण 37	Map::Europe
यूरोप तथ्य प्रश्न 38 का उत्तर क्या है?	उत्तर विवरण 38	Map::Europe
यूरोप तथ्य प्रश्न 39 का उत्तर क्या है?	उत्तर विवरण 39	Map::Europe
यूरोप तथ्य प्रश्न 40 का उत्तर क्या है?	उत्तर विवरण 40	Map::Europe
यूरोप तथ्य प्रश्न 41 का उत्तर क्या है?	उत्तर विवरण 41	Map::Europe
यूरोप तथ्य प्रश्न 42 का उत्तर क्या है?	उत्तर विवरण 42	Map::Europe
यूरोप तथ्य प्रश्न 43 का उत्तर क्या है?	उत्तर विवरण 43	Map::Europe
यूरोप तथ्य प्रश्न 44 का उत्तर क्या है?	उत्तर विवरण 44	Map::Europe
यूरोप तथ्य प्रश्न 45 का उत्तर क्या है?	उत्तर विवरण 45	Map::Europe
यूरोप तथ्य प्रश्न 46 का उत्तर क्या है?	उत्तर विवरण 46	Map::Europe
यूरोप तथ्य प्रश्न 47 का उत्तर क्या है?	उत्तर विवरण 47	Map::Europe
यूरोप तथ्य प्रश्न 48 का उत्तर क्या है?	उत्तर विवरण 48	Map::Europe
यूरोप तथ्य प्रश्न 49 का उत्तर क्या है?	उत्तर विवरण 49	Map::Europe
यूरोप तथ्य प्रश्न 50 का उत्तर क्या है?	उत्तर विवरण 50	Map::Europe
यूरोप तथ्य प्रश्न 51 का उत्तर क्या है?	उत्तर विवरण 51	Map::Europe
यूरोप तथ्य प्रश्न 52 का उत्तर क्या है?	उत्तर विवरण 52	Map::Europe
यूरोप तथ्य प्रश्न 53 का उत्तर क्या है?	उत्तर विवरण 53	Map::Europe
यूरोप तथ्य प्रश्न 54 का उत्तर क्या है?	उत्तर विवरण 54	Map::Europe
यूरोप तथ्य प्रश्न 55 का उत्तर क्या है?	उत्तर विवरण 55	Map::Europe
यूरोप तथ्य प्रश्न 56 का उत्तर क्या है?	उत्तर विवरण 56	Map::Europe
यूरोप तथ्य प्रश्न 57 का उत्तर क्या है?	उत्तर विवरण 57	Map::Europe
यूरोप तथ्य प्रश्न 58 का उत्तर क्या है?	उत्तर विवरण 58	Map::Europe
यूरोप तथ्य प्रश्न 59 का उत्तर क्या है?	उत्तर विवरण 59	Map::Europe
यूरोप तथ्य प्रश्न 60 का उत्तर क्या है?	उत्तर विवरण 60	Map::Europe
यूरोप तथ्य प्रश्न 61 का उत्तर क्या है?	उत्तर विवरण 61	Map::Europe
यूरोप तथ्य प्रश्न 62 का उत्तर क्या है?	उत्तर विवरण 62	Map::Europe
यूरोप तथ्य प्रश्न 63 का उत्तर क्या है?	उत्तर विवरण 63	Map::Europe
यूरोप तथ्य प्रश्न 64 का उत्तर क्या है?	उत्तर विवरण 64	Map::Europe
यूरोप तथ्य प्रश्न 65 का उत्तर क्या है?	उत्तर विवरण 65	Map::Europe
यूरोप तथ्य प्रश्न 66 का उत्तर क्या है?	उत्तर विवरण 66	Map::Europe
यूरोप तथ्य प्रश्न 67 का उत्तर क्या है?	उत्तर विवरण 67	Map::Europe
यूरोप तथ्य प्रश्न 68 का उत्तर क्या है?	उत्तर विवरण 68	Map::Europe
यूरोप तथ्य प्रश्न 69 का उत्तर क्या है?	उत्तर विवरण 69	Map::Europe
यूरोप तथ्य प्रश्न 70 का उत्तर क्या है?	उत्तर विवरण 70	Map::Europe
यूरोप तथ्य प्रश्न 71 का उत्तर क्या है?	उत्तर विवरण 71	Map::Europe
यूरोप तथ्य प्रश्न 72 का उत्तर क्या है?	उत्तर विवरण 72	Map::Europe
यूरोप तथ्य प्रश्न 73 का उत्तर क्या है?	उत्तर विवरण 73	Map::Europe
यूरोप तथ्य प्रश्न 74 का उत्तर क्या है?	उत्तर विवरण 74	Map::Europe
यूरोप तथ्य प्रश्न 75 का उत्तर क्या है?	उत्तर विवरण 75	Map::Europe
यूरोप तथ्य प्रश्न 76 का उत्तर क्या है?	उत्तर विवरण 76	Map::Europe
यूरोप तथ्य प्रश्न 77 का उत्तर क्या है?	उत्तर विवरण 77	Map::Europe
यूरोप तथ्य प्रश्न 78 का उत्तर क्या है?	उत्तर विवरण 78	Map::Europe
यूरोप तथ्य प्रश्न 79 का उत्तर क्या है?	उत्तर विवरण 79	Map::Europe
यूरोप तथ्य प्रश्न 80 का उत्तर क्या है?	उत्तर विवरण 80	Map::Europe
यूरोप तथ्य प्रश्न 81 का उत्तर क्या है?	उत्तर विवरण 81	Map::Europe
यूरोप तथ्य प्रश्न 82 का उत्तर क्या है?	उत्तर विवरण 82	Map::Europe
यूरोप तथ्य प्रश्न 83 का उत्तर क्या है?	उत्तर विवरण 83	Map::Europe
यूरोप तथ्य प्रश्न 84 का उत्तर क्या है?	उत्तर विवरण 84	Map::Europe
यूरोप तथ्य प्रश्न 85 का उत्तर क्या है?	उत्तर विवरण 85	Map::Europe
यूरोप तथ्य प्रश्न 86 का उत्तर क्या है?	उत्तर विवरण 86	Map::Europe
यूरोप तथ्य प्रश्न 87 का उत्तर क्या है?	उत्तर विवरण 87	Map::Europe
यूरोप तथ्य प्रश्न 88 का उत्तर क्या है?	उत्तर विवरण 88	Map::Europe
यूरोप तथ्य प्रश्न 89 का उत्तर क्या है?	उत्तर विवरण 89	Map::Europe
यूरोप तथ्य प्रश्न 90 का उत्तर क्या है?	उत्तर विवरण 90	Map::Europe
यूरोप तथ्य प्रश्न 91 का उत्तर क्या है?	उत्तर विवरण 91	Map::Europe
यूरोप तथ्य प्रश्न 92 का उत्तर क्या है?	उत्तर विवरण 92	Map::Europe
यूरोप तथ्य प्रश्न 93 का उत्तर क्या है?	उत्तर विवरण 93	Map::Europe
यूरोप तथ्य प्रश्न 94 का उत्तर क्या है?	उत्तर विवरण 94	Map::Europe
यूरोप तथ्य प्रश्न 95 का उत्तर क्या है?	उत्तर विवरण 95	Map::Europe
