Text	Extra	Tags
यूरोप का मुख्य भौगोलिक बिंदु {{c1::तथ्य 1}} है।	विवरण 1	Map::Europe
यूरोप का मुख्य भौगोलिक बिंदु {{c1::तथ्य 2}} है।	विवरण 2	Map::Europe
यूरोप का मुख्य भौगोलिक बिंदु {{c1::तथ्य 3}} है।	विवरण 3	Map::Europe
यूरोप का मुख्य भौगोलिक बिंदु {{c1::तथ्य 4}} है।	विवरण 4	Map::Europe
यूरोप का मुख्य भौगोलिक बिंदु {{c1::तथ्य 5}} है।	विवरण 5	Map::Europe
यूरोप का मुख्य भौगोलिक बिंदु {{c1::तथ्य 6}} है।	विवरण 6	Map::Europe
यूरोप का मुख्य भौगोलिक बिंदु {{c1::तथ्य 7}} है।	विवरण 7	Map::Europe
यूरोप का मुख्य भौगोलिक बिंदु {{c1::तथ्य 8}} है।	विवरण 8	Map::Europe
यूरोप का मुख्य भौगोलिक बिंदु {{c1::तथ्य 9}} है।	विवरण 9	Map::Europe
यूरोप का मुख्य भौगोलिक बिंदु {{c1::तथ्य 10}} है।	विवरण 10	Map::Europe
यूरोप का मुख्य भौगोलिक बिंदु {{c1::तथ्य 11}} है।	विवरण 11	Map::Europe
यूरोप का मुख्य भौगोलिक बिंदु {{c1::तथ्य 12}} है।	विवरण 12	Map::Europe
यूरोप का मुख्य भौगोलिक बिंदु {{c1::तथ्य 13}} है।	विवरण 13	Map::Europe
यूरोप का मुख्य भौगोलिक बिंदु {{c1::तथ्य 14}} है।	विवरण 14	Map::Europe
यूरोप का मुख्य भौगोलिक बिंदु {{c1::तथ्य 15}} है।	विवरण 15	Map::Europe
यूरोप का मुख्य भौगोलिक बिंदु {{c1::तथ्य 16}} है।	विवरण 16	Map::Europe
यूरोप का मुख्य भौगोलिक बिंदु {{c1::तथ्य 17}} है।	विवरण 17	Map::Europe
यूरोप का मुख्य भौगोलिक बिंदु {{c1::तथ्य 18}} है।	विवरण 18	Map::Europe
यूरोप का मुख्य भौगोलिक बिंदु {{c1::तथ्य 19}} है।	विवरण 19	Map::Europe
यूरोप का मुख्य भौगोलिक बिंदु {{c1::तथ्य 20}} है।	विवरण 20	Map::Europe
यूरोप का मुख्य भौगोलिक बिंदु {{c1::तथ्य 21}} है।	विवरण 21	Map::Europe
यूरोप का मुख्य भौगोलिक बिंदु {{c1::तथ्य 22}} है।	विवरण 22	Map::Europe
यूरोप का मुख्य भौगोलिक बिंदु {{c1::तथ्य 23}} है।	विवरण 23	Map::Europe
यूरोप का मुख्य भौगोलिक बिंदु {{c1::तथ्य 24}} है।	विवरण 24	Map::Europe
यूरोप का मुख्य भौगोलिक बिंदु {{c1::तथ्य 25}} है।	विवरण 25	Map::Europe
यूरोप का मुख्य भौगोलिक बिंदु {{c1::तथ्य 26}} है।	विवरण 26	Map::Europe
यूरोप का मुख्य भौगोलिक बिंदु {{c1::तथ्य 27}} है।	विवरण 27	Map::Europe
यूरोप का मुख्य भौगोलिक बिंदु {{c1::तथ्य 28}} है।	विवरण 28	Map::Europe
यूरोप का मुख्य भौगोलिक बिंदु {{c1::तथ्य 29}} है।	विवरण 29	Map::Europe
यूरोप का मुख्य भौगोलिक बिंदु {{c1::तथ्य 30}} है।	विवरण 30	Map::Europe
यूरोप का मुख्य भौगोलिक बिंदु {{c1::तथ्य 31}} है।	विवरण 31	Map::Europe
यूरोप का मुख्य भौगोलिक बिंदु {{c1::तथ्य 32}} है।	विवरण 32	Map::Europe
यूरोप का मुख्य भौगोलिक बिंदु {{c1::तथ्य 33}} है।	विवरण 33	Map::Europe
यूरोप का मुख्य भौगोलिक बिंदु {{c1::तथ्य 34}} है।	विवरण 34	Map::Europe
यूरोप का मुख्य भौगोलिक बिंदु {{c1::तथ्य 35}} है।	विवरण 35	Map::Europe
यूरोप का मुख्य भौगोलिक बिंदु {{c1::तथ्य 36}} है।	विवरण 36	Map::Europe
यूरोप का मुख्य भौगोलिक बिंदु {{c1::तथ्य 37}} है।	विवरण 37	Map::Europe
यूरोप का मुख्य भौगोलिक बिंदु {{c1::तथ्य 38}} है।	विवरण 38	Map::Europe
यूरोप का मुख्य भौगोलिक बिंदु {{c1::तथ्य 39}} है।	विवरण 39	Map::Europe
यूरोप का मुख्य भौगोलिक बिंदु {{c1::तथ्य 40}} है।	विवरण 40	Map::Europe
यूरोप का मुख्य भौगोलिक बिंदु {{c1::तथ्य 41}} है।	विवरण 41	Map::Europe
यूरोप का मुख्य भौगोलिक बिंदु {{c1::तथ्य 42}} है।	विवरण 42	Map::Europe
यूरोप का मुख्य भौगोलिक बिंदु {{c1::तथ्य 43}} है।	विवरण 43	Map::Europe
यूरोप का मुख्य भौगोलिक बिंदु {{c1::तथ्य 44}} है।	विवरण 44	Map::Europe
यूरोप का मुख्य भौगोलिक बिंदु {{c1::तथ्य 45}} है।	विवरण 45	Map::Europe
